Id	French	English	Chapter	Section	Subsection
ang_modern_00001	brevet	patent	SCIENCE ET TECHNIQUES	VOCABULAIRE	LA SCIENCE ET LES SCIENTIFIQUES
ang_modern_00002	cause	cause	SCIENCE ET TECHNIQUES	VOCABULAIRE	LA SCIENCE ET LES SCIENTIFIQUES
ang_modern_00003	chercheur	researcher	SCIENCE ET TECHNIQUES	VOCABULAIRE	LA SCIENCE ET LES SCIENTIFIQUES
ang_modern_00004	conclusion	conclusion	SCIENCE ET TECHNIQUES	VOCABULAIRE	LA SCIENCE ET LES SCIENTIFIQUES
ang_modern_00005	connaissance	knowledge	SCIENCE ET TECHNIQUES	VOCABULAIRE	LA SCIENCE ET LES SCIENTIFIQUES
ang_modern_00006	conséquence	consequence	SCIENCE ET TECHNIQUES	VOCABULAIRE	LA SCIENCE ET LES SCIENTIFIQUES
ang_modern_00007	constatation	observation	SCIENCE ET TECHNIQUES	VOCABULAIRE	LA SCIENCE ET LES SCIENTIFIQUES
ang_modern_00008	déduction	deduction, inference	SCIENCE ET TECHNIQUES	VOCABULAIRE	LA SCIENCE ET LES SCIENTIFIQUES
ang_modern_00009	démonstration	demonstration, proof	SCIENCE ET TECHNIQUES	VOCABULAIRE	LA SCIENCE ET LES SCIENTIFIQUES
ang_modern_00010	donnée(s)	datum (data)	SCIENCE ET TECHNIQUES	VOCABULAIRE	LA SCIENCE ET LES SCIENTIFIQUES
ang_modern_00011	échelle	scale	SCIENCE ET TECHNIQUES	VOCABULAIRE	LA SCIENCE ET LES SCIENTIFIQUES
ang_modern_00012	empirisme	empiricism	SCIENCE ET TECHNIQUES	VOCABULAIRE	LA SCIENCE ET LES SCIENTIFIQUES
ang_modern_00013	essai	test, testing	SCIENCE ET TECHNIQUES	VOCABULAIRE	LA SCIENCE ET LES SCIENTIFIQUES
ang_modern_00014	étude	study	SCIENCE ET TECHNIQUES	VOCABULAIRE	LA SCIENCE ET LES SCIENTIFIQUES
ang_modern_00015	expérience	experiment	SCIENCE ET TECHNIQUES	VOCABULAIRE	LA SCIENCE ET LES SCIENTIFIQUES
ang_modern_00016	expérimentation	experimentation	SCIENCE ET TECHNIQUES	VOCABULAIRE	LA SCIENCE ET LES SCIENTIFIQUES
ang_modern_00017	explication	explanation	SCIENCE ET TECHNIQUES	VOCABULAIRE	LA SCIENCE ET LES SCIENTIFIQUES
ang_modern_00018	hypothèse	hypothesis	SCIENCE ET TECHNIQUES	VOCABULAIRE	LA SCIENCE ET LES SCIENTIFIQUES
ang_modern_00019	induction	induction	SCIENCE ET TECHNIQUES	VOCABULAIRE	LA SCIENCE ET LES SCIENTIFIQUES
ang_modern_00020	intellect	intellect	SCIENCE ET TECHNIQUES	VOCABULAIRE	LA SCIENCE ET LES SCIENTIFIQUES
ang_modern_00021	intuition	intuition	SCIENCE ET TECHNIQUES	VOCABULAIRE	LA SCIENCE ET LES SCIENTIFIQUES
ang_modern_00022	invention	invention	SCIENCE ET TECHNIQUES	VOCABULAIRE	LA SCIENCE ET LES SCIENTIFIQUES
ang_modern_00023	inventeur	inventor	SCIENCE ET TECHNIQUES	VOCABULAIRE	LA SCIENCE ET LES SCIENTIFIQUES
ang_modern_00024	laboratoire	laboratory (lab)	SCIENCE ET TECHNIQUES	VOCABULAIRE	LA SCIENCE ET LES SCIENTIFIQUES
ang_modern_00025	loi	law	SCIENCE ET TECHNIQUES	VOCABULAIRE	LA SCIENCE ET LES SCIENTIFIQUES
ang_modern_00026	matière	matter	SCIENCE ET TECHNIQUES	VOCABULAIRE	LA SCIENCE ET LES SCIENTIFIQUES
ang_modern_00027	mesure	measure*, measurement	SCIENCE ET TECHNIQUES	VOCABULAIRE	LA SCIENCE ET LES SCIENTIFIQUES
ang_modern_00028	observation	observation	SCIENCE ET TECHNIQUES	VOCABULAIRE	LA SCIENCE ET LES SCIENTIFIQUES
ang_modern_00029	postulat	postulate	SCIENCE ET TECHNIQUES	VOCABULAIRE	LA SCIENCE ET LES SCIENTIFIQUES
ang_modern_00030	preuve	proof, evidence	SCIENCE ET TECHNIQUES	VOCABULAIRE	LA SCIENCE ET LES SCIENTIFIQUES
ang_modern_00031	progrès	progress	SCIENCE ET TECHNIQUES	VOCABULAIRE	LA SCIENCE ET LES SCIENTIFIQUES
ang_modern_00032	propriété	property	SCIENCE ET TECHNIQUES	VOCABULAIRE	LA SCIENCE ET LES SCIENTIFIQUES
ang_modern_00033	raisonnement	reasoning	SCIENCE ET TECHNIQUES	VOCABULAIRE	LA SCIENCE ET LES SCIENTIFIQUES
ang_modern_00034	recherche	research	SCIENCE ET TECHNIQUES	VOCABULAIRE	LA SCIENCE ET LES SCIENTIFIQUES
ang_modern_00035	résultat	result	SCIENCE ET TECHNIQUES	VOCABULAIRE	LA SCIENCE ET LES SCIENTIFIQUES
ang_modern_00036	savant	scientist	SCIENCE ET TECHNIQUES	VOCABULAIRE	LA SCIENCE ET LES SCIENTIFIQUES
ang_modern_00037	savoir	knowledge	SCIENCE ET TECHNIQUES	VOCABULAIRE	LA SCIENCE ET LES SCIENTIFIQUES
ang_modern_00038	science	science	SCIENCE ET TECHNIQUES	VOCABULAIRE	LA SCIENCE ET LES SCIENTIFIQUES
ang_modern_00039	sciences appliquées	applied sciences	SCIENCE ET TECHNIQUES	VOCABULAIRE	LA SCIENCE ET LES SCIENTIFIQUES
ang_modern_00040	scientifique	scientific	SCIENCE ET TECHNIQUES	VOCABULAIRE	LA SCIENCE ET LES SCIENTIFIQUES
ang_modern_00041	scientisme	scientism	SCIENCE ET TECHNIQUES	VOCABULAIRE	LA SCIENCE ET LES SCIENTIFIQUES
ang_modern_00042	statistique	statistic	SCIENCE ET TECHNIQUES	VOCABULAIRE	LA SCIENCE ET LES SCIENTIFIQUES
ang_modern_00043	substance	substance	SCIENCE ET TECHNIQUES	VOCABULAIRE	LA SCIENCE ET LES SCIENTIFIQUES
ang_modern_00044	technicien	technician	SCIENCE ET TECHNIQUES	VOCABULAIRE	LA SCIENCE ET LES SCIENTIFIQUES
ang_modern_00045	technique	technique, (US) technic	SCIENCE ET TECHNIQUES	VOCABULAIRE	LA SCIENCE ET LES SCIENTIFIQUES
ang_modern_00046	technologie	technology	SCIENCE ET TECHNIQUES	VOCABULAIRE	LA SCIENCE ET LES SCIENTIFIQUES
ang_modern_00047	théoricien	theoretician	SCIENCE ET TECHNIQUES	VOCABULAIRE	LA SCIENCE ET LES SCIENTIFIQUES
ang_modern_00048	théorie	theory	SCIENCE ET TECHNIQUES	VOCABULAIRE	LA SCIENCE ET LES SCIENTIFIQUES
ang_modern_00049	unité (de mesure)	unit (of measure)	SCIENCE ET TECHNIQUES	VOCABULAIRE	LA SCIENCE ET LES SCIENTIFIQUES
ang_modern_00050	vulgarisation	popularization	SCIENCE ET TECHNIQUES	VOCABULAIRE	LA SCIENCE ET LES SCIENTIFIQUES
ang_modern_00051	déductif	deductive	SCIENCE ET TECHNIQUES	VOCABULAIRE	LA SCIENCE ET LES SCIENTIFIQUES
ang_modern_00052	empirique	empirical	SCIENCE ET TECHNIQUES	VOCABULAIRE	LA SCIENCE ET LES SCIENTIFIQUES
ang_modern_00053	expérimental	experimental	SCIENCE ET TECHNIQUES	VOCABULAIRE	LA SCIENCE ET LES SCIENTIFIQUES
ang_modern_00054	inductif	inductive	SCIENCE ET TECHNIQUES	VOCABULAIRE	LA SCIENCE ET LES SCIENTIFIQUES
ang_modern_00055	rationnel	rational	SCIENCE ET TECHNIQUES	VOCABULAIRE	LA SCIENCE ET LES SCIENTIFIQUES
ang_modern_00056	scientifique	scientific	SCIENCE ET TECHNIQUES	VOCABULAIRE	LA SCIENCE ET LES SCIENTIFIQUES
ang_modern_00057	statistique	statistical	SCIENCE ET TECHNIQUES	VOCABULAIRE	LA SCIENCE ET LES SCIENTIFIQUES
ang_modern_00058	technique	technical	SCIENCE ET TECHNIQUES	VOCABULAIRE	LA SCIENCE ET LES SCIENTIFIQUES
ang_modern_00059	technologique	technological	SCIENCE ET TECHNIQUES	VOCABULAIRE	LA SCIENCE ET LES SCIENTIFIQUES
ang_modern_00060	théorique	theoretical	SCIENCE ET TECHNIQUES	VOCABULAIRE	LA SCIENCE ET LES SCIENTIFIQUES
ang_modern_00061	conclure	to conclude	SCIENCE ET TECHNIQUES	VOCABULAIRE	LA SCIENCE ET LES SCIENTIFIQUES
ang_modern_00062	confirmer	to confirm	SCIENCE ET TECHNIQUES	VOCABULAIRE	LA SCIENCE ET LES SCIENTIFIQUES
ang_modern_00063	constater	to note, to notice, to state (a fact)	SCIENCE ET TECHNIQUES	VOCABULAIRE	LA SCIENCE ET LES SCIENTIFIQUES
ang_modern_00064	déduire	to deduce, to infer	SCIENCE ET TECHNIQUES	VOCABULAIRE	LA SCIENCE ET LES SCIENTIFIQUES
ang_modern_00065	démontrer	to demonstrate, to prove	SCIENCE ET TECHNIQUES	VOCABULAIRE	LA SCIENCE ET LES SCIENTIFIQUES
ang_modern_00066	étudier	to study	SCIENCE ET TECHNIQUES	VOCABULAIRE	LA SCIENCE ET LES SCIENTIFIQUES
ang_modern_00067	expérimenter	to experiment	SCIENCE ET TECHNIQUES	VOCABULAIRE	LA SCIENCE ET LES SCIENTIFIQUES
ang_modern_00068	expliquer	to explain	SCIENCE ET TECHNIQUES	VOCABULAIRE	LA SCIENCE ET LES SCIENTIFIQUES
ang_modern_00069	induire	to induce, to infer	SCIENCE ET TECHNIQUES	VOCABULAIRE	LA SCIENCE ET LES SCIENTIFIQUES
ang_modern_00070	inventer	to invent	SCIENCE ET TECHNIQUES	VOCABULAIRE	LA SCIENCE ET LES SCIENTIFIQUES
ang_modern_00071	mesurer	to measure	SCIENCE ET TECHNIQUES	VOCABULAIRE	LA SCIENCE ET LES SCIENTIFIQUES
ang_modern_00072	mettre au point	to finalize; to devise	SCIENCE ET TECHNIQUES	VOCABULAIRE	LA SCIENCE ET LES SCIENTIFIQUES
ang_modern_00073	postuler	to postulate	SCIENCE ET TECHNIQUES	VOCABULAIRE	LA SCIENCE ET LES SCIENTIFIQUES
ang_modern_00074	savoir	to know	SCIENCE ET TECHNIQUES	VOCABULAIRE	LA SCIENCE ET LES SCIENTIFIQUES
ang_modern_00075	supposer	to suppose, to imply	SCIENCE ET TECHNIQUES	VOCABULAIRE	LA SCIENCE ET LES SCIENTIFIQUES
ang_modern_00076	acide aminé	amino-acid	SCIENCE ET TECHNIQUES	VOCABULAIRE	LA BIOLOGIE ET LA GÉNÉTIQUE
ang_modern_00077	ADN (acide désoxyribonucléique)	DNA (deoxyribonucleic acid)	SCIENCE ET TECHNIQUES	VOCABULAIRE	LA BIOLOGIE ET LA GÉNÉTIQUE
ang_modern_00078	biologie	biology	SCIENCE ET TECHNIQUES	VOCABULAIRE	LA BIOLOGIE ET LA GÉNÉTIQUE
ang_modern_00079	biologiste	biologist	SCIENCE ET TECHNIQUES	VOCABULAIRE	LA BIOLOGIE ET LA GÉNÉTIQUE
ang_modern_00080	cellule	cell	SCIENCE ET TECHNIQUES	VOCABULAIRE	LA BIOLOGIE ET LA GÉNÉTIQUE
ang_modern_00081	chromosome	chromosome	SCIENCE ET TECHNIQUES	VOCABULAIRE	LA BIOLOGIE ET LA GÉNÉTIQUE
ang_modern_00082	clone	clone	SCIENCE ET TECHNIQUES	VOCABULAIRE	LA BIOLOGIE ET LA GÉNÉTIQUE
ang_modern_00083	eugénisme	eugenics	SCIENCE ET TECHNIQUES	VOCABULAIRE	LA BIOLOGIE ET LA GÉNÉTIQUE
ang_modern_00084	gène	gene	SCIENCE ET TECHNIQUES	VOCABULAIRE	LA BIOLOGIE ET LA GÉNÉTIQUE
ang_modern_00085	génétique	genetics	SCIENCE ET TECHNIQUES	VOCABULAIRE	LA BIOLOGIE ET LA GÉNÉTIQUE
ang_modern_00086	globule	corpuscle*	SCIENCE ET TECHNIQUES	VOCABULAIRE	LA BIOLOGIE ET LA GÉNÉTIQUE
ang_modern_00087	mutation	mutation	SCIENCE ET TECHNIQUES	VOCABULAIRE	LA BIOLOGIE ET LA GÉNÉTIQUE
ang_modern_00088	patrimoine génétique	genetic inheritance, genotype	SCIENCE ET TECHNIQUES	VOCABULAIRE	LA BIOLOGIE ET LA GÉNÉTIQUE
ang_modern_00089	protéine	protein	SCIENCE ET TECHNIQUES	VOCABULAIRE	LA BIOLOGIE ET LA GÉNÉTIQUE
ang_modern_00090	tissu	tissue	SCIENCE ET TECHNIQUES	VOCABULAIRE	LA BIOLOGIE ET LA GÉNÉTIQUE
ang_modern_00091	biologique	biological	SCIENCE ET TECHNIQUES	VOCABULAIRE	LA BIOLOGIE ET LA GÉNÉTIQUE
ang_modern_00092	chromosomique	chromosomal	SCIENCE ET TECHNIQUES	VOCABULAIRE	LA BIOLOGIE ET LA GÉNÉTIQUE
ang_modern_00093	génétique	genetic	SCIENCE ET TECHNIQUES	VOCABULAIRE	LA BIOLOGIE ET LA GÉNÉTIQUE
ang_modern_00094	cloner	to clone	SCIENCE ET TECHNIQUES	VOCABULAIRE	LA BIOLOGIE ET LA GÉNÉTIQUE
ang_modern_00095	muter	to mutate	SCIENCE ET TECHNIQUES	VOCABULAIRE	LA BIOLOGIE ET LA GÉNÉTIQUE
ang_modern_00096	accélération	acceleration	SCIENCE ET TECHNIQUES	VOCABULAIRE	PHYSIQUE, L'ÉLECTRONIQUE ET LA CHIMIE
ang_modern_00097	acide	acid	SCIENCE ET TECHNIQUES	VOCABULAIRE	PHYSIQUE, L'ÉLECTRONIQUE ET LA CHIMIE
ang_modern_00098	acoustique	acoustics	SCIENCE ET TECHNIQUES	VOCABULAIRE	PHYSIQUE, L'ÉLECTRONIQUE ET LA CHIMIE
ang_modern_00099	aérodynamique	aerodynamics	SCIENCE ET TECHNIQUES	VOCABULAIRE	PHYSIQUE, L'ÉLECTRONIQUE ET LA CHIMIE
ang_modern_00100	aimant	magnet	SCIENCE ET TECHNIQUES	VOCABULAIRE	PHYSIQUE, L'ÉLECTRONIQUE ET LA CHIMIE
ang_modern_00101	alliage	alloy*	SCIENCE ET TECHNIQUES	VOCABULAIRE	PHYSIQUE, L'ÉLECTRONIQUE ET LA CHIMIE
ang_modern_00102	ampère	ampere, amp	SCIENCE ET TECHNIQUES	VOCABULAIRE	PHYSIQUE, L'ÉLECTRONIQUE ET LA CHIMIE
ang_modern_00103	antimatière	antimatter	SCIENCE ET TECHNIQUES	VOCABULAIRE	PHYSIQUE, L'ÉLECTRONIQUE ET LA CHIMIE
ang_modern_00104	atome	atom	SCIENCE ET TECHNIQUES	VOCABULAIRE	PHYSIQUE, L'ÉLECTRONIQUE ET LA CHIMIE
ang_modern_00105	azote	nitrogen	SCIENCE ET TECHNIQUES	VOCABULAIRE	PHYSIQUE, L'ÉLECTRONIQUE ET LA CHIMIE
ang_modern_00106	base	base	SCIENCE ET TECHNIQUES	VOCABULAIRE	PHYSIQUE, L'ÉLECTRONIQUE ET LA CHIMIE
ang_modern_00107	biochimie	biochemistry	SCIENCE ET TECHNIQUES	VOCABULAIRE	PHYSIQUE, L'ÉLECTRONIQUE ET LA CHIMIE
ang_modern_00108	burette	burette	SCIENCE ET TECHNIQUES	VOCABULAIRE	PHYSIQUE, L'ÉLECTRONIQUE ET LA CHIMIE
ang_modern_00109	carbone	carbon	SCIENCE ET TECHNIQUES	VOCABULAIRE	PHYSIQUE, L'ÉLECTRONIQUE ET LA CHIMIE
ang_modern_00110	catalyseur	catalyst	SCIENCE ET TECHNIQUES	VOCABULAIRE	PHYSIQUE, L'ÉLECTRONIQUE ET LA CHIMIE
ang_modern_00111	centre de gravité	centre of gravity	SCIENCE ET TECHNIQUES	VOCABULAIRE	PHYSIQUE, L'ÉLECTRONIQUE ET LA CHIMIE
ang_modern_00112	champ magnétique	magnetic field	SCIENCE ET TECHNIQUES	VOCABULAIRE	PHYSIQUE, L'ÉLECTRONIQUE ET LA CHIMIE
ang_modern_00113	charge	charge	SCIENCE ET TECHNIQUES	VOCABULAIRE	PHYSIQUE, L'ÉLECTRONIQUE ET LA CHIMIE
ang_modern_00114	chimie	chemistry	SCIENCE ET TECHNIQUES	VOCABULAIRE	PHYSIQUE, L'ÉLECTRONIQUE ET LA CHIMIE
ang_modern_00115	chimiste	chemist (scientist)	SCIENCE ET TECHNIQUES	VOCABULAIRE	PHYSIQUE, L'ÉLECTRONIQUE ET LA CHIMIE
ang_modern_00116	cinétique	kinetics	SCIENCE ET TECHNIQUES	VOCABULAIRE	PHYSIQUE, L'ÉLECTRONIQUE ET LA CHIMIE
ang_modern_00117	circuit électrique	electric(al) circuit	SCIENCE ET TECHNIQUES	VOCABULAIRE	PHYSIQUE, L'ÉLECTRONIQUE ET LA CHIMIE
ang_modern_00118	combustion	combustion	SCIENCE ET TECHNIQUES	VOCABULAIRE	PHYSIQUE, L'ÉLECTRONIQUE ET LA CHIMIE
ang_modern_00119	concentré	concentrate	SCIENCE ET TECHNIQUES	VOCABULAIRE	PHYSIQUE, L'ÉLECTRONIQUE ET LA CHIMIE
ang_modern_00120	condensateur	capacitor, condenser	SCIENCE ET TECHNIQUES	VOCABULAIRE	PHYSIQUE, L'ÉLECTRONIQUE ET LA CHIMIE
ang_modern_00121	conductibilité	conductivity	SCIENCE ET TECHNIQUES	VOCABULAIRE	PHYSIQUE, L'ÉLECTRONIQUE ET LA CHIMIE
ang_modern_00122	cybernétique	cybernetics	SCIENCE ET TECHNIQUES	VOCABULAIRE	PHYSIQUE, L'ÉLECTRONIQUE ET LA CHIMIE
ang_modern_00123	distillation	distillation, distilling	SCIENCE ET TECHNIQUES	VOCABULAIRE	PHYSIQUE, L'ÉLECTRONIQUE ET LA CHIMIE
ang_modern_00124	ébullition	boiling point	SCIENCE ET TECHNIQUES	VOCABULAIRE	PHYSIQUE, L'ÉLECTRONIQUE ET LA CHIMIE
ang_modern_00125	électricité	electricity	SCIENCE ET TECHNIQUES	VOCABULAIRE	PHYSIQUE, L'ÉLECTRONIQUE ET LA CHIMIE
ang_modern_00126	électroaimant	electromagnet	SCIENCE ET TECHNIQUES	VOCABULAIRE	PHYSIQUE, L'ÉLECTRONIQUE ET LA CHIMIE
ang_modern_00127	électrode	electrode	SCIENCE ET TECHNIQUES	VOCABULAIRE	PHYSIQUE, L'ÉLECTRONIQUE ET LA CHIMIE
ang_modern_00128	électrolyse	electrolysis	SCIENCE ET TECHNIQUES	VOCABULAIRE	PHYSIQUE, L'ÉLECTRONIQUE ET LA CHIMIE
ang_modern_00129	électron	electron	SCIENCE ET TECHNIQUES	VOCABULAIRE	PHYSIQUE, L'ÉLECTRONIQUE ET LA CHIMIE
ang_modern_00130	électronique	electronics	SCIENCE ET TECHNIQUES	VOCABULAIRE	PHYSIQUE, L'ÉLECTRONIQUE ET LA CHIMIE
ang_modern_00131	élément	element	SCIENCE ET TECHNIQUES	VOCABULAIRE	PHYSIQUE, L'ÉLECTRONIQUE ET LA CHIMIE
ang_modern_00132	énergie	energy	SCIENCE ET TECHNIQUES	VOCABULAIRE	PHYSIQUE, L'ÉLECTRONIQUE ET LA CHIMIE
ang_modern_00133	éprouvette	test tube	SCIENCE ET TECHNIQUES	VOCABULAIRE	PHYSIQUE, L'ÉLECTRONIQUE ET LA CHIMIE
ang_modern_00134	équilibre	equilibrium	SCIENCE ET TECHNIQUES	VOCABULAIRE	PHYSIQUE, L'ÉLECTRONIQUE ET LA CHIMIE
ang_modern_00135	fission	fission	SCIENCE ET TECHNIQUES	VOCABULAIRE	PHYSIQUE, L'ÉLECTRONIQUE ET LA CHIMIE
ang_modern_00136	force	force	SCIENCE ET TECHNIQUES	VOCABULAIRE	PHYSIQUE, L'ÉLECTRONIQUE ET LA CHIMIE
ang_modern_00137	force centrifuge	centrifugal force	SCIENCE ET TECHNIQUES	VOCABULAIRE	PHYSIQUE, L'ÉLECTRONIQUE ET LA CHIMIE
ang_modern_00138	force centripète	centripetal force	SCIENCE ET TECHNIQUES	VOCABULAIRE	PHYSIQUE, L'ÉLECTRONIQUE ET LA CHIMIE
ang_modern_00139	force d'inertie	force of inertia	SCIENCE ET TECHNIQUES	VOCABULAIRE	PHYSIQUE, L'ÉLECTRONIQUE ET LA CHIMIE
ang_modern_00140	foyer (optique)	focus	SCIENCE ET TECHNIQUES	VOCABULAIRE	PHYSIQUE, L'ÉLECTRONIQUE ET LA CHIMIE
ang_modern_00141	fusion nucléaire	nuclear fusion	SCIENCE ET TECHNIQUES	VOCABULAIRE	PHYSIQUE, L'ÉLECTRONIQUE ET LA CHIMIE
ang_modern_00142	gaz	gas	SCIENCE ET TECHNIQUES	VOCABULAIRE	PHYSIQUE, L'ÉLECTRONIQUE ET LA CHIMIE
ang_modern_00143	gaz carbonique	carbon dioxide	SCIENCE ET TECHNIQUES	VOCABULAIRE	PHYSIQUE, L'ÉLECTRONIQUE ET LA CHIMIE
ang_modern_00144	hydraulique	hydraulics	SCIENCE ET TECHNIQUES	VOCABULAIRE	PHYSIQUE, L'ÉLECTRONIQUE ET LA CHIMIE
ang_modern_00145	hydrogène	hydrogen	SCIENCE ET TECHNIQUES	VOCABULAIRE	PHYSIQUE, L'ÉLECTRONIQUE ET LA CHIMIE
ang_modern_00146	inertie	inertia	SCIENCE ET TECHNIQUES	VOCABULAIRE	PHYSIQUE, L'ÉLECTRONIQUE ET LA CHIMIE
ang_modern_00147	informatique	data processing, information technology, computer science	SCIENCE ET TECHNIQUES	VOCABULAIRE	PHYSIQUE, L'ÉLECTRONIQUE ET LA CHIMIE
ang_modern_00148	intelligence artificielle	artificial intelligence	SCIENCE ET TECHNIQUES	VOCABULAIRE	PHYSIQUE, L'ÉLECTRONIQUE ET LA CHIMIE
ang_modern_00149	ion	ion	SCIENCE ET TECHNIQUES	VOCABULAIRE	PHYSIQUE, L'ÉLECTRONIQUE ET LA CHIMIE
ang_modern_00150	isotope	isotope	SCIENCE ET TECHNIQUES	VOCABULAIRE	PHYSIQUE, L'ÉLECTRONIQUE ET LA CHIMIE
ang_modern_00151	lentille	lens	SCIENCE ET TECHNIQUES	VOCABULAIRE	PHYSIQUE, L'ÉLECTRONIQUE ET LA CHIMIE
ang_modern_00152	liaison	bond	SCIENCE ET TECHNIQUES	VOCABULAIRE	PHYSIQUE, L'ÉLECTRONIQUE ET LA CHIMIE
ang_modern_00153	liquide	liquid	SCIENCE ET TECHNIQUES	VOCABULAIRE	PHYSIQUE, L'ÉLECTRONIQUE ET LA CHIMIE
ang_modern_00154	lumière	light	SCIENCE ET TECHNIQUES	VOCABULAIRE	PHYSIQUE, L'ÉLECTRONIQUE ET LA CHIMIE
ang_modern_00155	magnétisme	magnetism	SCIENCE ET TECHNIQUES	VOCABULAIRE	PHYSIQUE, L'ÉLECTRONIQUE ET LA CHIMIE
ang_modern_00156	masse	mass	SCIENCE ET TECHNIQUES	VOCABULAIRE	PHYSIQUE, L'ÉLECTRONIQUE ET LA CHIMIE
ang_modern_00157	mécanique	mechanics, mechanical engineering	SCIENCE ET TECHNIQUES	VOCABULAIRE	PHYSIQUE, L'ÉLECTRONIQUE ET LA CHIMIE
ang_modern_00158	mécanique ondulatoire	wave mechanics	SCIENCE ET TECHNIQUES	VOCABULAIRE	PHYSIQUE, L'ÉLECTRONIQUE ET LA CHIMIE
ang_modern_00159	métal	metal	SCIENCE ET TECHNIQUES	VOCABULAIRE	PHYSIQUE, L'ÉLECTRONIQUE ET LA CHIMIE
ang_modern_00160	microscope	microscope	SCIENCE ET TECHNIQUES	VOCABULAIRE	PHYSIQUE, L'ÉLECTRONIQUE ET LA CHIMIE
ang_modern_00161	molécule	molecule	SCIENCE ET TECHNIQUES	VOCABULAIRE	PHYSIQUE, L'ÉLECTRONIQUE ET LA CHIMIE
ang_modern_00162	moment, élan	momentum	SCIENCE ET TECHNIQUES	VOCABULAIRE	PHYSIQUE, L'ÉLECTRONIQUE ET LA CHIMIE
ang_modern_00163	neutron	neutron	SCIENCE ET TECHNIQUES	VOCABULAIRE	PHYSIQUE, L'ÉLECTRONIQUE ET LA CHIMIE
ang_modern_00164	noyau	nucleus	SCIENCE ET TECHNIQUES	VOCABULAIRE	PHYSIQUE, L'ÉLECTRONIQUE ET LA CHIMIE
ang_modern_00165	onde	wave	SCIENCE ET TECHNIQUES	VOCABULAIRE	PHYSIQUE, L'ÉLECTRONIQUE ET LA CHIMIE
ang_modern_00166	optique	optics	SCIENCE ET TECHNIQUES	VOCABULAIRE	PHYSIQUE, L'ÉLECTRONIQUE ET LA CHIMIE
ang_modern_00167	oxyde	oxide	SCIENCE ET TECHNIQUES	VOCABULAIRE	PHYSIQUE, L'ÉLECTRONIQUE ET LA CHIMIE
ang_modern_00168	oxygène	oxygen	SCIENCE ET TECHNIQUES	VOCABULAIRE	PHYSIQUE, L'ÉLECTRONIQUE ET LA CHIMIE
ang_modern_00169	particule	particle	SCIENCE ET TECHNIQUES	VOCABULAIRE	PHYSIQUE, L'ÉLECTRONIQUE ET LA CHIMIE
ang_modern_00170	pesanteur	gravity	SCIENCE ET TECHNIQUES	VOCABULAIRE	PHYSIQUE, L'ÉLECTRONIQUE ET LA CHIMIE
ang_modern_00171	photon	photon	SCIENCE ET TECHNIQUES	VOCABULAIRE	PHYSIQUE, L'ÉLECTRONIQUE ET LA CHIMIE
ang_modern_00172	physicien	physicist	SCIENCE ET TECHNIQUES	VOCABULAIRE	PHYSIQUE, L'ÉLECTRONIQUE ET LA CHIMIE
ang_modern_00173	physique	physics	SCIENCE ET TECHNIQUES	VOCABULAIRE	PHYSIQUE, L'ÉLECTRONIQUE ET LA CHIMIE
ang_modern_00174	physique nucléaire	nuclear physics	SCIENCE ET TECHNIQUES	VOCABULAIRE	PHYSIQUE, L'ÉLECTRONIQUE ET LA CHIMIE
ang_modern_00175	pipette	pipette	SCIENCE ET TECHNIQUES	VOCABULAIRE	PHYSIQUE, L'ÉLECTRONIQUE ET LA CHIMIE
ang_modern_00176	poids	weight	SCIENCE ET TECHNIQUES	VOCABULAIRE	PHYSIQUE, L'ÉLECTRONIQUE ET LA CHIMIE
ang_modern_00177	précipité	precipitate	SCIENCE ET TECHNIQUES	VOCABULAIRE	PHYSIQUE, L'ÉLECTRONIQUE ET LA CHIMIE
ang_modern_00178	pression	pressure	SCIENCE ET TECHNIQUES	VOCABULAIRE	PHYSIQUE, L'ÉLECTRONIQUE ET LA CHIMIE
ang_modern_00179	proton	proton	SCIENCE ET TECHNIQUES	VOCABULAIRE	PHYSIQUE, L'ÉLECTRONIQUE ET LA CHIMIE
ang_modern_00180	puissance	power	SCIENCE ET TECHNIQUES	VOCABULAIRE	PHYSIQUE, L'ÉLECTRONIQUE ET LA CHIMIE
ang_modern_00181	radioactivité	radioactivity	SCIENCE ET TECHNIQUES	VOCABULAIRE	PHYSIQUE, L'ÉLECTRONIQUE ET LA CHIMIE
ang_modern_00182	rayonnement	radiation	SCIENCE ET TECHNIQUES	VOCABULAIRE	PHYSIQUE, L'ÉLECTRONIQUE ET LA CHIMIE
ang_modern_00183	réaction	reaction	SCIENCE ET TECHNIQUES	VOCABULAIRE	PHYSIQUE, L'ÉLECTRONIQUE ET LA CHIMIE
ang_modern_00184	réaction en chaîne	chain reaction	SCIENCE ET TECHNIQUES	VOCABULAIRE	PHYSIQUE, L'ÉLECTRONIQUE ET LA CHIMIE
ang_modern_00185	résistance	resistance	SCIENCE ET TECHNIQUES	VOCABULAIRE	PHYSIQUE, L'ÉLECTRONIQUE ET LA CHIMIE
ang_modern_00186	robotique	robotics	SCIENCE ET TECHNIQUES	VOCABULAIRE	PHYSIQUE, L'ÉLECTRONIQUE ET LA CHIMIE
ang_modern_00187	semi-conducteur	semi-conductor	SCIENCE ET TECHNIQUES	VOCABULAIRE	PHYSIQUE, L'ÉLECTRONIQUE ET LA CHIMIE
ang_modern_00188	solide	solide	SCIENCE ET TECHNIQUES	VOCABULAIRE	PHYSIQUE, L'ÉLECTRONIQUE ET LA CHIMIE
ang_modern_00189	solution	solution	SCIENCE ET TECHNIQUES	VOCABULAIRE	PHYSIQUE, L'ÉLECTRONIQUE ET LA CHIMIE
ang_modern_00190	soufre	sulphur	SCIENCE ET TECHNIQUES	VOCABULAIRE	PHYSIQUE, L'ÉLECTRONIQUE ET LA CHIMIE
ang_modern_00191	tension (physique)	tension, pressure	SCIENCE ET TECHNIQUES	VOCABULAIRE	PHYSIQUE, L'ÉLECTRONIQUE ET LA CHIMIE
ang_modern_00192	tension (électrique)	voltage	SCIENCE ET TECHNIQUES	VOCABULAIRE	PHYSIQUE, L'ÉLECTRONIQUE ET LA CHIMIE
ang_modern_00193	théorie quantique	quantum theory	SCIENCE ET TECHNIQUES	VOCABULAIRE	PHYSIQUE, L'ÉLECTRONIQUE ET LA CHIMIE
ang_modern_00194	thermodynamique	thermodynamics	SCIENCE ET TECHNIQUES	VOCABULAIRE	PHYSIQUE, L'ÉLECTRONIQUE ET LA CHIMIE
ang_modern_00195	transistor	transistor	SCIENCE ET TECHNIQUES	VOCABULAIRE	PHYSIQUE, L'ÉLECTRONIQUE ET LA CHIMIE
ang_modern_00196	tube	tube	SCIENCE ET TECHNIQUES	VOCABULAIRE	PHYSIQUE, L'ÉLECTRONIQUE ET LA CHIMIE
ang_modern_00197	valence	valency	SCIENCE ET TECHNIQUES	VOCABULAIRE	PHYSIQUE, L'ÉLECTRONIQUE ET LA CHIMIE
ang_modern_00198	vapeur	vapour	SCIENCE ET TECHNIQUES	VOCABULAIRE	PHYSIQUE, L'ÉLECTRONIQUE ET LA CHIMIE
ang_modern_00199	vaporisation	spray, vaporization	SCIENCE ET TECHNIQUES	VOCABULAIRE	PHYSIQUE, L'ÉLECTRONIQUE ET LA CHIMIE
ang_modern_00200	vitesse de la lumière	speed/velocity of the light	SCIENCE ET TECHNIQUES	VOCABULAIRE	PHYSIQUE, L'ÉLECTRONIQUE ET LA CHIMIE
ang_modern_00201	vitesse du son 	speed of sound	SCIENCE ET TECHNIQUES	VOCABULAIRE	PHYSIQUE, L'ÉLECTRONIQUE ET LA CHIMIE
ang_modern_00202	volt	volt	SCIENCE ET TECHNIQUES	VOCABULAIRE	PHYSIQUE, L'ÉLECTRONIQUE ET LA CHIMIE
ang_modern_00203	watt	watt	SCIENCE ET TECHNIQUES	VOCABULAIRE	PHYSIQUE, L'ÉLECTRONIQUE ET LA CHIMIE
ang_modern_00204	acide	acid	SCIENCE ET TECHNIQUES	VOCABULAIRE	PHYSIQUE, L'ÉLECTRONIQUE ET LA CHIMIE
ang_modern_00205	alcalin	alkaline	SCIENCE ET TECHNIQUES	VOCABULAIRE	PHYSIQUE, L'ÉLECTRONIQUE ET LA CHIMIE
ang_modern_00206	basique	basic	SCIENCE ET TECHNIQUES	VOCABULAIRE	PHYSIQUE, L'ÉLECTRONIQUE ET LA CHIMIE
ang_modern_00207	biochimique	biochemical	SCIENCE ET TECHNIQUES	VOCABULAIRE	PHYSIQUE, L'ÉLECTRONIQUE ET LA CHIMIE
ang_modern_00208	chaotique	chaotic	SCIENCE ET TECHNIQUES	VOCABULAIRE	PHYSIQUE, L'ÉLECTRONIQUE ET LA CHIMIE
ang_modern_00209	chimique	chemical	SCIENCE ET TECHNIQUES	VOCABULAIRE	PHYSIQUE, L'ÉLECTRONIQUE ET LA CHIMIE
ang_modern_00210	électrique	electric(al)	SCIENCE ET TECHNIQUES	VOCABULAIRE	PHYSIQUE, L'ÉLECTRONIQUE ET LA CHIMIE
ang_modern_00211	gazeux	gaseous	SCIENCE ET TECHNIQUES	VOCABULAIRE	PHYSIQUE, L'ÉLECTRONIQUE ET LA CHIMIE
ang_modern_00212	liquide	liquid	SCIENCE ET TECHNIQUES	VOCABULAIRE	PHYSIQUE, L'ÉLECTRONIQUE ET LA CHIMIE
ang_modern_00213	magnétique	magnetic	SCIENCE ET TECHNIQUES	VOCABULAIRE	PHYSIQUE, L'ÉLECTRONIQUE ET LA CHIMIE
ang_modern_00214	mécanique	mechanical	SCIENCE ET TECHNIQUES	VOCABULAIRE	PHYSIQUE, L'ÉLECTRONIQUE ET LA CHIMIE
ang_modern_00215	négatif	negative	SCIENCE ET TECHNIQUES	VOCABULAIRE	PHYSIQUE, L'ÉLECTRONIQUE ET LA CHIMIE
ang_modern_00216	neutre	neutral	SCIENCE ET TECHNIQUES	VOCABULAIRE	PHYSIQUE, L'ÉLECTRONIQUE ET LA CHIMIE
ang_modern_00217	radioactif	radioactive	SCIENCE ET TECHNIQUES	VOCABULAIRE	PHYSIQUE, L'ÉLECTRONIQUE ET LA CHIMIE
ang_modern_00218	solide	solid	SCIENCE ET TECHNIQUES	VOCABULAIRE	PHYSIQUE, L'ÉLECTRONIQUE ET LA CHIMIE
ang_modern_00219	attirer	to attract	SCIENCE ET TECHNIQUES	VOCABULAIRE	PHYSIQUE, L'ÉLECTRONIQUE ET LA CHIMIE
ang_modern_00220	bouillir	to boil	SCIENCE ET TECHNIQUES	VOCABULAIRE	PHYSIQUE, L'ÉLECTRONIQUE ET LA CHIMIE
ang_modern_00221	dissoudre	to dissolve	SCIENCE ET TECHNIQUES	VOCABULAIRE	PHYSIQUE, L'ÉLECTRONIQUE ET LA CHIMIE
ang_modern_00222	évaporer	to evaporate	SCIENCE ET TECHNIQUES	VOCABULAIRE	PHYSIQUE, L'ÉLECTRONIQUE ET LA CHIMIE
ang_modern_00223	fondre	to melt	SCIENCE ET TECHNIQUES	VOCABULAIRE	PHYSIQUE, L'ÉLECTRONIQUE ET LA CHIMIE
ang_modern_00224	geler	to freeze	SCIENCE ET TECHNIQUES	VOCABULAIRE	PHYSIQUE, L'ÉLECTRONIQUE ET LA CHIMIE
ang_modern_00225	repousser	to repel	SCIENCE ET TECHNIQUES	VOCABULAIRE	PHYSIQUE, L'ÉLECTRONIQUE ET LA CHIMIE
ang_modern_00226	faire des recherches sur qqch.	to do/carry research into sth	SCIENCE ET TECHNIQUES	LEXIQUE EN SITUATION	NULL
ang_modern_00227	faire de la recherche	to do research (work)	SCIENCE ET TECHNIQUES	LEXIQUE EN SITUATION	NULL
ang_modern_00228	recherche appliquée/fondamentale	applied/fundamental research	SCIENCE ET TECHNIQUES	LEXIQUE EN SITUATION	NULL
ang_modern_00229	c'est un chercheur	he is a researcher	SCIENCE ET TECHNIQUES	LEXIQUE EN SITUATION	NULL
ang_modern_00230	calcul mental	mental arithmetic	SCIENCE ET TECHNIQUES	LEXIQUE EN SITUATION	NULL
ang_modern_00231	mètre carré/cube	square/cubic meter	SCIENCE ET TECHNIQUES	LEXIQUE EN SITUATION	NULL
ang_modern_00232	le code génétique	the genetic code	SCIENCE ET TECHNIQUES	LEXIQUE EN SITUATION	NULL
ang_modern_00233	on peut en déduire que...	it can be inferred that...	SCIENCE ET TECHNIQUES	LEXIQUE EN SITUATION	NULL
ang_modern_00234	en conclusion	as a conclusion	SCIENCE ET TECHNIQUES	LEXIQUE EN SITUATION	NULL
ang_modern_00235	angle droit/aigu/obtus	right/acute/obtuse angle	SCIENCE ET TECHNIQUES	LEXIQUE EN SITUATION	NULL
ang_modern_00236	figure géométrique	geometrical figure	SCIENCE ET TECHNIQUES	LEXIQUE EN SITUATION	NULL
ang_modern_00237	tracer un cercle	to draw a circle	SCIENCE ET TECHNIQUES	LEXIQUE EN SITUATION	NULL
ang_modern_00238	faire un cercle	to stand in a circle	SCIENCE ET TECHNIQUES	LEXIQUE EN SITUATION	NULL
ang_modern_00239	encercler, entourer	to circle	SCIENCE ET TECHNIQUES	LEXIQUE EN SITUATION	NULL
ang_modern_00240	court-circuit	short-circuit	SCIENCE ET TECHNIQUES	LEXIQUE EN SITUATION	NULL
ang_modern_00241	court-circuiter	to short-circuit	SCIENCE ET TECHNIQUES	LEXIQUE EN SITUATION	NULL
ang_modern_00242	en théorie	in theory	SCIENCE ET TECHNIQUES	LEXIQUE EN SITUATION	NULL
ang_modern_00243	table de logarithmes/ de multiplication	log/multiplication table	SCIENCE ET TECHNIQUES	LEXIQUE EN SITUATION	NULL
ang_modern_00244	additionner, faire le total	to number	SCIENCE ET TECHNIQUES	LEXIQUE EN SITUATION	NULL
ang_modern_00245	il y a une relation de cause à effet entre ces deux phénomènes	there is a cause and effect relation(ship) between these two phenomena	SCIENCE ET TECHNIQUES	LEXIQUE EN SITUATION	NULL
ang_modern_00246	théorie des ensembles	set theory	SCIENCE ET TECHNIQUES	REGISTRES DE LANGUE	Expressions toutes faites
ang_modern_00247	ensemble vide	empty set	SCIENCE ET TECHNIQUES	REGISTRES DE LANGUE	Expressions toutes faites
ang_modern_00248	théorie quantique	quantum theory	SCIENCE ET TECHNIQUES	REGISTRES DE LANGUE	Expressions toutes faites
ang_modern_00249	vingt et quelques	20-odd	SCIENCE ET TECHNIQUES	REGISTRES DE LANGUE	Expressions toutes faites
ang_modern_00250	le quadrille	square-dancing	SCIENCE ET TECHNIQUES	REGISTRES DE LANGUE	Expressions toutes faites
ang_modern_00251	elle est l'honnêteté même	she is absolutely square	SCIENCE ET TECHNIQUES	REGISTRES DE LANGUE	Expressions toutes faites
ang_modern_00252	un arrangement équitable	a square deal	SCIENCE ET TECHNIQUES	REGISTRES DE LANGUE	Expressions toutes faites
ang_modern_00253	être traité équitablement	to get a square deal	SCIENCE ET TECHNIQUES	REGISTRES DE LANGUE	Expressions toutes faites
ang_modern_00254	trou noir	black hole	SCIENCE ET TECHNIQUES	REGISTRES DE LANGUE	Expressions toutes faites
ang_modern_00255	l'apesanteur	weightlessness (zero gravity - dans la langue commune)	SCIENCE ET TECHNIQUES	REGISTRES DE LANGUE	Expressions toutes faites
ang_modern_00256	revenir à son point de départ	to come full circle	SCIENCE ET TECHNIQUES	REGISTRES DE LANGUE	Expressions toutes faites
ang_modern_00257	l'élément oxygène (chimie)	the element oxygen	SCIENCE ET TECHNIQUES	REGISTRES DE LANGUE	Expressions toutes faites
ang_modern_00258	en nombre, en grande quantité	in numbers	SCIENCE ET TECHNIQUES	REGISTRES DE LANGUE	Expressions toutes faites
ang_modern_00259	there is safety in numbers	(approx) on se sent plus sûr quand on est en groupe	SCIENCE ET TECHNIQUES	REGISTRES DE LANGUE	Expressions toutes faites
ang_modern_00260	prendre de la vitesse	to gather momentum	SCIENCE ET TECHNIQUES	REGISTRES DE LANGUE	Expressions toutes faites
ang_modern_00261	perdre de la vitesse	to lose momentum	SCIENCE ET TECHNIQUES	REGISTRES DE LANGUE	Expressions toutes faites
ang_modern_00262	les maths	maths, (US) math	SCIENCE ET TECHNIQUES	REGISTRES DE LANGUE	Langue familière et argotique
ang_modern_00263	il/elle est bon(ne) en maths	he/she is good at math(s)	SCIENCE ET TECHNIQUES	REGISTRES DE LANGUE	Langue familière et argotique
ang_modern_00264	matheux	math(s) expert/specialist	SCIENCE ET TECHNIQUES	REGISTRES DE LANGUE	Langue familière et argotique
ang_modern_00265	nous nous retrouvons au point de départ/nous recommençons à zéro	we're back to square one	SCIENCE ET TECHNIQUES	REGISTRES DE LANGUE	Langue familière et argotique
ang_modern_00266	être ringard, conventionnel, vieux jeu	to be a square	SCIENCE ET TECHNIQUES	REGISTRES DE LANGUE	Langue familière et argotique
ang_modern_00267	Recherche et développement	R&D (Research and Development)	SCIENCE ET TECHNIQUES	REGISTRES DE LANGUE	Néologismes
ang_modern_00268	les milieux politiques/d'affaires	political/business circles	SCIENCE ET TECHNIQUES	REGISTRES DE LANGUE	Sens figuré
ang_modern_00269	le chaînon manquant	the missing link	SCIENCE ET TECHNIQUES	REGISTRES DE LANGUE	Sens figuré
ang_modern_00270	gagner du terrain	to gather momentum	SCIENCE ET TECHNIQUES	REGISTRES DE LANGUE	Sens figuré
ang_modern_00271	perdre du terrain	to lose momentum	SCIENCE ET TECHNIQUES	REGISTRES DE LANGUE	Sens figuré
ang_modern_00272	Ne pas confondre physicist, physicien, et physician, médecin.		SCIENCE ET TECHNIQUES	REMARQUES LEXICALES	NULL
ang_modern_00273	Attention à l'adjectif théorique en anglais se dit theoretical.		SCIENCE ET TECHNIQUES	REMARQUES LEXICALES	NULL
ang_modern_00274	2+5=7	two plus/and five is/equals seven	SCIENCE ET TECHNIQUES	REMARQUES LEXICALES	NULL
ang_modern_00275	3-1=2	three minus one is/equals two	SCIENCE ET TECHNIQUES	REMARQUES LEXICALES	NULL
ang_modern_00276	2x8=16	two (multiplied) by eight is/equals sixteen	SCIENCE ET TECHNIQUES	REMARQUES LEXICALES	NULL
ang_modern_00277	10/2=5	ten divided by two is/equals five	SCIENCE ET TECHNIQUES	REMARQUES LEXICALES	NULL
ang_modern_00278	deux à la puissance trois (au cube)	two power three	SCIENCE ET TECHNIQUES	REMARQUES LEXICALES	NULL
ang_modern_00279	quatre est le carré de deux	four is the square of two	SCIENCE ET TECHNIQUES	REMARQUES LEXICALES	NULL
ang_modern_00280	Attention à la décimale en anglais ; on utilise le point, car la virgule indique les milliers		SCIENCE ET TECHNIQUES	REMARQUES LEXICALES	NULL
ang_modern_00281	2,7 (deux virgule sept)	2.7 (two point seven) 	SCIENCE ET TECHNIQUES	REMARQUES LEXICALES	NULL
ang_modern_00282	100 000	100,000 (one hundred thousand)	SCIENCE ET TECHNIQUES	REMARQUES LEXICALES	NULL
ang_modern_00283	< se lit	is less than	SCIENCE ET TECHNIQUES	REMARQUES LEXICALES	NULL
ang_modern_00284	> se lit	is greater than	SCIENCE ET TECHNIQUES	REMARQUES LEXICALES	NULL
ang_modern_00285	Attention à la traduction de zéro	En mathématiques, on dit zero ou nought. Pour les températures, zero. Dans un numéro de téléphone, on lit O (oh). Au tennis et au squash, on emploie love. Au football et dans certains autres sports, on emploie nil.	SCIENCE ET TECHNIQUES	REMARQUES LEXICALES	NULL
ang_modern_00286	mener deux jeux à zéro	to lead by two games to love	SCIENCE ET TECHNIQUES	REMARQUES LEXICALES	NULL
ang_modern_00287	2,54 cm	1 inch (in.) (un pouce)	SCIENCE ET TECHNIQUES	REMARQUES LEXICALES	NULL
ang_modern_00288	1 square inch (un pouce carré)	6,45 cm2	SCIENCE ET TECHNIQUES	REMARQUES LEXICALES	NULL
ang_modern_00289	1 foot (ft) (un pied)	30,48 cm	SCIENCE ET TECHNIQUES	REMARQUES LEXICALES	NULL
ang_modern_00290	1 square foot (un pied carré)	9,29 dm2	SCIENCE ET TECHNIQUES	REMARQUES LEXICALES	NULL
ang_modern_00291	1 foot equals 12 inches	un pied est égal à 12 pouces	SCIENCE ET TECHNIQUES	REMARQUES LEXICALES	NULL
ang_modern_00292	1 yard (yd) (un yard)	0.91 cm	SCIENCE ET TECHNIQUES	REMARQUES LEXICALES	NULL
ang_modern_00293	1 square yard (un yard carré)	0,8361 m2	SCIENCE ET TECHNIQUES	REMARQUES LEXICALES	NULL
ang_modern_00294	1 mile (ml) (un mile)	1609 km	SCIENCE ET TECHNIQUES	REMARQUES LEXICALES	NULL
ang_modern_00295	1 acre (ac)	40,47 ares	SCIENCE ET TECHNIQUES	REMARQUES LEXICALES	NULL
ang_modern_00296	Euclide	Euclid	SCIENCE ET TECHNIQUES	REMARQUES LEXICALES	NULL
ang_modern_00297	Pythagore	Pythagoras	SCIENCE ET TECHNIQUES	REMARQUES LEXICALES	NULL
ang_modern_00298	Galilée	Galileo	SCIENCE ET TECHNIQUES	REMARQUES LEXICALES	NULL
ang_modern_00299	Copernic	Copernicus	SCIENCE ET TECHNIQUES	REMARQUES LEXICALES	NULL
ang_modern_00300	les lois de Newton	Newton's laws	SCIENCE ET TECHNIQUES	REMARQUES LEXICALES	NULL
ang_modern_00301	les théories de la relativité d'Einstein	Einstein's theories of relativity	SCIENCE ET TECHNIQUES	REMARQUES LEXICALES	NULL
ang_modern_00302	Le théorème de Pythagore : dans un triangle rectangle, le carré de l'hypoténuse est égal à la somme des carrés des deux autres côté.	Pythagoras' theorem : in a right-angled triangle, the square of the length of the hypotenuse equals the sum of the other two sides.	SCIENCE ET TECHNIQUES	REMARQUES LEXICALES	NULL
ang_modern_00303	Beaucoup de termes décrivant des sciences (ex : physics, acoustics, economics, etc.) portent un 's' au singulier.	ex: physics is my favourite subject : la physique est ma matière préférée.	SCIENCE ET TECHNIQUES	REMARQUES GRAMMATICALE	NULL
ang_modern_00304	accorder	to grant	ARGENT, BANQUE	VOCABULAIRE	NULL
ang_modern_00305	acompte	deposit	ARGENT, BANQUE	VOCABULAIRE	NULL
ang_modern_00306	agence	branch	ARGENT, BANQUE	VOCABULAIRE	NULL
ang_modern_00307	amortir	to write off	ARGENT, BANQUE	VOCABULAIRE	NULL
ang_modern_00308	amortissement	writing off	ARGENT, BANQUE	VOCABULAIRE	NULL
ang_modern_00309	argent	money ; silver	ARGENT, BANQUE	VOCABULAIRE	NULL
ang_modern_00310	arriéré(s)	arrears	ARGENT, BANQUE	VOCABULAIRE	NULL
ang_modern_00311	avance	advance	ARGENT, BANQUE	VOCABULAIRE	NULL
ang_modern_00312	avancer	to advance, to lend	ARGENT, BANQUE	VOCABULAIRE	NULL
ang_modern_00313	banque centrale	cental bank	ARGENT, BANQUE	VOCABULAIRE	NULL
ang_modern_00314	banque d'affaires	merchant bank	ARGENT, BANQUE	VOCABULAIRE	NULL
ang_modern_00315	banque	bank	ARGENT, BANQUE	VOCABULAIRE	NULL
ang_modern_00316	banquier	banker	ARGENT, BANQUE	VOCABULAIRE	NULL
ang_modern_00317	bénéfice	profit	ARGENT, BANQUE	VOCABULAIRE	NULL
ang_modern_00318	bénéficiaire	beneficiary ; payee	ARGENT, BANQUE	VOCABULAIRE	NULL
ang_modern_00319	billet à ordre	promissory note	ARGENT, BANQUE	VOCABULAIRE	NULL
ang_modern_00320	bordereau	slip	ARGENT, BANQUE	VOCABULAIRE	NULL
ang_modern_00321	caisse d'épargne	savings bank	ARGENT, BANQUE	VOCABULAIRE	NULL
ang_modern_00322	caisse	cash-desk	ARGENT, BANQUE	VOCABULAIRE	NULL
ang_modern_00323	caissier	cashier	ARGENT, BANQUE	VOCABULAIRE	NULL
ang_modern_00324	carte de crédit	credit card	ARGENT, BANQUE	VOCABULAIRE	NULL
ang_modern_00325	caution	deposit	ARGENT, BANQUE	VOCABULAIRE	NULL
ang_modern_00326	chèque au porteur	bearer cheque, (US) check	ARGENT, BANQUE	VOCABULAIRE	NULL
ang_modern_00327	chèque postal	giro cheque, (US) check	ARGENT, BANQUE	VOCABULAIRE	NULL
ang_modern_00328	chèque sans provision	bad cheque, dud* check	ARGENT, BANQUE	VOCABULAIRE	NULL
ang_modern_00329	chèque	cheque, (US) check	ARGENT, BANQUE	VOCABULAIRE	NULL
ang_modern_00330	coffre fort	safe	ARGENT, BANQUE	VOCABULAIRE	NULL
ang_modern_00331	compte en banque	bank(ing) account, (US) checking account	ARGENT, BANQUE	VOCABULAIRE	NULL
ang_modern_00332	compte	account	ARGENT, BANQUE	VOCABULAIRE	NULL
ang_modern_00333	cours	rate	ARGENT, BANQUE	VOCABULAIRE	NULL
ang_modern_00334	crédit immobilier	real estate credit	ARGENT, BANQUE	VOCABULAIRE	NULL
ang_modern_00335	crédit	credit	ARGENT, BANQUE	VOCABULAIRE	NULL
ang_modern_00336	créditer	to credit	ARGENT, BANQUE	VOCABULAIRE	NULL
ang_modern_00337	débit	debit	ARGENT, BANQUE	VOCABULAIRE	NULL
ang_modern_00338	debiter	to debit	ARGENT, BANQUE	VOCABULAIRE	NULL
ang_modern_00339	débiteur	debtor	ARGENT, BANQUE	VOCABULAIRE	NULL
ang_modern_00340	découvert	overdraft	ARGENT, BANQUE	VOCABULAIRE	NULL
ang_modern_00341	déficit	deficit	ARGENT, BANQUE	VOCABULAIRE	NULL
ang_modern_00342	déficitaire	deficit	ARGENT, BANQUE	VOCABULAIRE	NULL
ang_modern_00343	depense(s)	spending	ARGENT, BANQUE	VOCABULAIRE	NULL
ang_modern_00344	dépenser	to spend	ARGENT, BANQUE	VOCABULAIRE	NULL
ang_modern_00345	dépôt	deposit	ARGENT, BANQUE	VOCABULAIRE	NULL
ang_modern_00346	détenir un compte	to hold an account	ARGENT, BANQUE	VOCABULAIRE	NULL
ang_modern_00347	détenteur	holder	ARGENT, BANQUE	VOCABULAIRE	NULL
ang_modern_00348	dette	debt	ARGENT, BANQUE	VOCABULAIRE	NULL
ang_modern_00349	devis	estimate	ARGENT, BANQUE	VOCABULAIRE	NULL
ang_modern_00350	devise	currency	ARGENT, BANQUE	VOCABULAIRE	NULL
ang_modern_00351	échéance	due date, maturity	ARGENT, BANQUE	VOCABULAIRE	NULL
ang_modern_00352	échoir	to fall due	ARGENT, BANQUE	VOCABULAIRE	NULL
ang_modern_00353	économies	economies, saving	ARGENT, BANQUE	VOCABULAIRE	NULL
ang_modern_00354	économiser	to save, to economise	ARGENT, BANQUE	VOCABULAIRE	NULL
ang_modern_00355	effet de commerce	bill (of exchange)	ARGENT, BANQUE	VOCABULAIRE	NULL
ang_modern_00356	émettre	to issue	ARGENT, BANQUE	VOCABULAIRE	NULL
ang_modern_00357	émission	issue	ARGENT, BANQUE	VOCABULAIRE	NULL
ang_modern_00358	employé de banque	bank clerk	ARGENT, BANQUE	VOCABULAIRE	NULL
ang_modern_00359	emprunt	loan	ARGENT, BANQUE	VOCABULAIRE	NULL
ang_modern_00360	emprunter	to borrow	ARGENT, BANQUE	VOCABULAIRE	NULL
ang_modern_00361	emprunteur	borrower	ARGENT, BANQUE	VOCABULAIRE	NULL
ang_modern_00362	encaisser	to cash (in)	ARGENT, BANQUE	VOCABULAIRE	NULL
ang_modern_00363	endetté	indebted	ARGENT, BANQUE	VOCABULAIRE	NULL
ang_modern_00364	endettement	indebtedness ; debt load	ARGENT, BANQUE	VOCABULAIRE	NULL
ang_modern_00365	endetter (s')	to run into debt	ARGENT, BANQUE	VOCABULAIRE	NULL
ang_modern_00366	endosser	to endorse	ARGENT, BANQUE	VOCABULAIRE	NULL
ang_modern_00367	épargne	savings	ARGENT, BANQUE	VOCABULAIRE	NULL
ang_modern_00368	épargner	to save	ARGENT, BANQUE	VOCABULAIRE	NULL
ang_modern_00369	escompte	discount	ARGENT, BANQUE	VOCABULAIRE	NULL
ang_modern_00370	escompter	to discount	ARGENT, BANQUE	VOCABULAIRE	NULL
ang_modern_00371	finance	finance	ARGENT, BANQUE	VOCABULAIRE	NULL
ang_modern_00372	financement	financing ; funding	ARGENT, BANQUE	VOCABULAIRE	NULL
ang_modern_00373	financer	to finance ; to fund	ARGENT, BANQUE	VOCABULAIRE	NULL
ang_modern_00374	financier	financier*	ARGENT, BANQUE	VOCABULAIRE	NULL
ang_modern_00375	fonds	funds	ARGENT, BANQUE	VOCABULAIRE	NULL
ang_modern_00376	frais	expenses	ARGENT, BANQUE	VOCABULAIRE	NULL
ang_modern_00377	garde d'objets de valeur	custody of valuables	ARGENT, BANQUE	VOCABULAIRE	NULL
ang_modern_00378	gestion de portefeuille	portfolio management	ARGENT, BANQUE	VOCABULAIRE	NULL
ang_modern_00379	guichet	window	ARGENT, BANQUE	VOCABULAIRE	NULL
ang_modern_00380	guichetier	clerk	ARGENT, BANQUE	VOCABULAIRE	NULL
ang_modern_00381	honorer	to honour, (US) honor	ARGENT, BANQUE	VOCABULAIRE	NULL
ang_modern_00382	hypothèque	mortgage	ARGENT, BANQUE	VOCABULAIRE	NULL
ang_modern_00383	hypothéquer	to mortgage	ARGENT, BANQUE	VOCABULAIRE	NULL
ang_modern_00384	impayé	unpaid	ARGENT, BANQUE	VOCABULAIRE	NULL
ang_modern_00385	intérêt	interest	ARGENT, BANQUE	VOCABULAIRE	NULL
ang_modern_00386	investir	to invest	ARGENT, BANQUE	VOCABULAIRE	NULL
ang_modern_00387	investissement	investment	ARGENT, BANQUE	VOCABULAIRE	NULL
ang_modern_00388	investisseur	investor	ARGENT, BANQUE	VOCABULAIRE	NULL
ang_modern_00389	lingot	ingot ; bullion	ARGENT, BANQUE	VOCABULAIRE	NULL
ang_modern_00390	mensualité	(monthly) instalment, (US) installment	ARGENT, BANQUE	VOCABULAIRE	NULL
ang_modern_00391	montant	amount	ARGENT, BANQUE	VOCABULAIRE	NULL
ang_modern_00392	monter à (se)	to amount (to)	ARGENT, BANQUE	VOCABULAIRE	NULL
ang_modern_00393	ouvrir un compte	to open an account	ARGENT, BANQUE	VOCABULAIRE	NULL
ang_modern_00394	paiement	payment	ARGENT, BANQUE	VOCABULAIRE	NULL
ang_modern_00395	pauvre	poor	ARGENT, BANQUE	VOCABULAIRE	NULL
ang_modern_00396	pauvreté	poverty	ARGENT, BANQUE	VOCABULAIRE	NULL
ang_modern_00397	payer	to pay	ARGENT, BANQUE	VOCABULAIRE	NULL
ang_modern_00398	percevoir	to charge ; to levy	ARGENT, BANQUE	VOCABULAIRE	NULL
ang_modern_00399	placement	investment	ARGENT, BANQUE	VOCABULAIRE	NULL
ang_modern_00400	placer	to invest	ARGENT, BANQUE	VOCABULAIRE	NULL
ang_modern_00401	politique monétaire	monetary policy	ARGENT, BANQUE	VOCABULAIRE	NULL
ang_modern_00402	portefeuiile	portfolio	ARGENT, BANQUE	VOCABULAIRE	NULL
ang_modern_00403	prêt	loan	ARGENT, BANQUE	VOCABULAIRE	NULL
ang_modern_00404	prêter	to lend, (US) to loan	ARGENT, BANQUE	VOCABULAIRE	NULL
ang_modern_00405	prêteur	lender	ARGENT, BANQUE	VOCABULAIRE	NULL
ang_modern_00406	protêt	protest	ARGENT, BANQUE	VOCABULAIRE	NULL
ang_modern_00407	rapporter	to yield	ARGENT, BANQUE	VOCABULAIRE	NULL
ang_modern_00408	reconnaissance de dette	I.O.U	ARGENT, BANQUE	VOCABULAIRE	NULL
ang_modern_00409	recouvrement	collection	ARGENT, BANQUE	VOCABULAIRE	NULL
ang_modern_00410	reçu	receipt*	ARGENT, BANQUE	VOCABULAIRE	NULL
ang_modern_00411	règlement	settlement	ARGENT, BANQUE	VOCABULAIRE	NULL
ang_modern_00412	régler	to settle	ARGENT, BANQUE	VOCABULAIRE	NULL
ang_modern_00413	relevé de compte	statement of account, bank statement	ARGENT, BANQUE	VOCABULAIRE	NULL
ang_modern_00414	remboursement	reimbursement, refunt, paying back	ARGENT, BANQUE	VOCABULAIRE	NULL
ang_modern_00415	rembourser	to reimburse, to refund, to pay back	ARGENT, BANQUE	VOCABULAIRE	NULL
ang_modern_00416	rendement	yield	ARGENT, BANQUE	VOCABULAIRE	NULL
ang_modern_00417	retirer	to withdraw	ARGENT, BANQUE	VOCABULAIRE	NULL
ang_modern_00418	retrait	withdrawal	ARGENT, BANQUE	VOCABULAIRE	NULL
ang_modern_00419	riche	rich, wealthy	ARGENT, BANQUE	VOCABULAIRE	NULL
ang_modern_00420	richesse	wealth	ARGENT, BANQUE	VOCABULAIRE	NULL
ang_modern_00421	solde	balance	ARGENT, BANQUE	VOCABULAIRE	NULL
ang_modern_00422	solvabilité	solvency	ARGENT, BANQUE	VOCABULAIRE	NULL
ang_modern_00423	solvable	solvent	ARGENT, BANQUE	VOCABULAIRE	NULL
ang_modern_00424	somme	amount, sum	ARGENT, BANQUE	VOCABULAIRE	NULL
ang_modern_00425	souche	stub	ARGENT, BANQUE	VOCABULAIRE	NULL
ang_modern_00426	souffrance (en)	outstanding	ARGENT, BANQUE	VOCABULAIRE	NULL
ang_modern_00427	succursale	branch	ARGENT, BANQUE	VOCABULAIRE	NULL
ang_modern_00428	talon	stub	ARGENT, BANQUE	VOCABULAIRE	NULL
ang_modern_00429	taux d'escompte	discount rate	ARGENT, BANQUE	VOCABULAIRE	NULL
ang_modern_00430	taux d'intérêt	interest rate	ARGENT, BANQUE	VOCABULAIRE	NULL
ang_modern_00431	taux	rate	ARGENT, BANQUE	VOCABULAIRE	NULL
ang_modern_00432	tiré (le)	the draw	ARGENT, BANQUE	VOCABULAIRE	NULL
ang_modern_00433	tirer	to draw	ARGENT, BANQUE	VOCABULAIRE	NULL
ang_modern_00434	tireur	drawer	ARGENT, BANQUE	VOCABULAIRE	NULL
ang_modern_00435	titre	security	ARGENT, BANQUE	VOCABULAIRE	NULL
ang_modern_00436	traite	draft, bill	ARGENT, BANQUE	VOCABULAIRE	NULL
ang_modern_00437	vente à tempérament	hyre purchase	ARGENT, BANQUE	VOCABULAIRE	NULL
ang_modern_00438	versement	payment ; remittance	ARGENT, BANQUE	VOCABULAIRE	NULL
ang_modern_00439	verser	to pay	ARGENT, BANQUE	VOCABULAIRE	NULL
ang_modern_00440	virement	transferer	ARGENT, BANQUE	VOCABULAIRE	NULL
ang_modern_00441	virer	to transfer	ARGENT, BANQUE	VOCABULAIRE	NULL
ang_modern_00442	argent liquide	hard cash	ARGENT, BANQUE	LEXIQUE EN SITUATION	NULL
ang_modern_00443	ouvrir un compte dans une agence	to open an account with a branch	ARGENT, BANQUE	LEXIQUE EN SITUATION	NULL
ang_modern_00444	ouvrir un compte courant	to open a current account	ARGENT, BANQUE	LEXIQUE EN SITUATION	NULL
ang_modern_00445	ouvrir un compte chèque postal	to open a giro account	ARGENT, BANQUE	LEXIQUE EN SITUATION	NULL
ang_modern_00446	détenir un compte	to hold/have an account	ARGENT, BANQUE	LEXIQUE EN SITUATION	NULL
ang_modern_00447	créditer un compte	to credit an account	ARGENT, BANQUE	LEXIQUE EN SITUATION	NULL
ang_modern_00448	équilibrer un compte	to debit an account	ARGENT, BANQUE	LEXIQUE EN SITUATION	NULL
ang_modern_00449	débiter un compte d'une somme	to charge a sum to an account	ARGENT, BANQUE	LEXIQUE EN SITUATION	NULL
ang_modern_00450	tirer sur un compte	to draw on an account	ARGENT, BANQUE	LEXIQUE EN SITUATION	NULL
ang_modern_00451	demander un prêt	to apply for a loan	ARGENT, BANQUE	LEXIQUE EN SITUATION	NULL
ang_modern_00452	remplir les conditions pour obtenir un prêt	to qualify/be eligible for a loan	ARGENT, BANQUE	LEXIQUE EN SITUATION	NULL
ang_modern_00453	accorder un prêt	to grant/make a loan	ARGENT, BANQUE	LEXIQUE EN SITUATION	NULL
ang_modern_00454	accorder des prêts personnels	to make individual loans	ARGENT, BANQUE	LEXIQUE EN SITUATION	NULL
ang_modern_00455	accorder un découvert	to float a loan	ARGENT, BANQUE	LEXIQUE EN SITUATION	NULL
ang_modern_00456	payer un intérêt	to pay (an) interest	ARGENT, BANQUE	LEXIQUE EN SITUATION	NULL
ang_modern_00457	rapporter un intérêt	to earn/yield/carry/bear (an) interest	ARGENT, BANQUE	LEXIQUE EN SITUATION	NULL
ang_modern_00458	faire payer un intérêt	to charge interest	ARGENT, BANQUE	LEXIQUE EN SITUATION	NULL
ang_modern_00459	chercher un intérêt plus élevé, rechercher un meilleur rendement	to seek higher interest	ARGENT, BANQUE	LEXIQUE EN SITUATION	NULL
ang_modern_00460	une reconnaissance de dette	an I.O.U (de I owe you : je vous dois)	ARGENT, BANQUE	LEXIQUE EN SITUATION	NULL
ang_modern_00461	être en découvert, être en déficit	to be in the red	ARGENT, BANQUE	LEXIQUE EN SITUATION	NULL
ang_modern_00462	avoir un compte/solde créditeur ; avoir une gestion bénéficiaire	to be in the black	ARGENT, BANQUE	LEXIQUE EN SITUATION	NULL
ang_modern_00463	verser des arrhes	to pay/make/leave a deposit	ARGENT, BANQUE	LEXIQUE EN SITUATION	NULL
ang_modern_00464	rédiger, émettre un chèque	to write/make out/issue a cheque (US : check)	ARGENT, BANQUE	LEXIQUE EN SITUATION	NULL
ang_modern_00465	payer/régler par versements échelonnés	to pay by instalments (US : installments)	ARGENT, BANQUE	LEXIQUE EN SITUATION	NULL
ang_modern_00466	mensualités	monthly instalments	ARGENT, BANQUE	LEXIQUE EN SITUATION	NULL
ang_modern_00467	tirez sur nous à trois mois (de date)	draw on us three months after (date)	ARGENT, BANQUE	LEXIQUE EN SITUATION	NULL
ang_modern_00468	régler une dette	to settle a debt	ARGENT, BANQUE	LEXIQUE EN SITUATION	NULL
ang_modern_00469	to give notice	donner un préavis	ARGENT, BANQUE	LEXIQUE EN SITUATION	NULL
ang_modern_00470	faute de paiement, nous devrons engager des poursuites	failing payment we will have to take legal action	ARGENT, BANQUE	LEXIQUE EN SITUATION	NULL
ang_modern_00471	le temps c'est de l'argent	time is money	ARGENT, BANQUE	REGISTRES DE LANGUE	money
ang_modern_00472	être plein aux as	to be in the money (to be flush)	ARGENT, BANQUE	REGISTRES DE LANGUE	money
ang_modern_00473	en avoir pour son argent	to get one's worth	ARGENT, BANQUE	REGISTRES DE LANGUE	money
ang_modern_00474	faire un mariage d'argent	to marry money	ARGENT, BANQUE	REGISTRES DE LANGUE	money
ang_modern_00475	faire un héritage, devenir riche	to come into money	ARGENT, BANQUE	REGISTRES DE LANGUE	money
ang_modern_00476	pot de vin, prix du silence	hush money	ARGENT, BANQUE	REGISTRES DE LANGUE	money
ang_modern_00477	dessous de table	key money	ARGENT, BANQUE	REGISTRES DE LANGUE	money
ang_modern_00478	en espèces et au comptant, en espèces sonnantes et trébuchantes	cash on the barrel	ARGENT, BANQUE	REGISTRES DE LANGUE	cash
ang_modern_00479	exploiter, tirer parti	ta cash in on	ARGENT, BANQUE	REGISTRES DE LANGUE	cash
ang_modern_00480	un sou économisé est un sou gagné	a penny saved is a penny gained/earned	ARGENT, BANQUE	REGISTRES DE LANGUE	penny
ang_modern_00481	faire des économies de bout de chandelle, économiser les sous et prodiguer les louis	to be penny wise and pound foolish	ARGENT, BANQUE	REGISTRES DE LANGUE	penny
ang_modern_00482	quand le vin est tiré il faut le boire	in for a penny, in for a pound	ARGENT, BANQUE	REGISTRES DE LANGUE	penny
ang_modern_00483	il n'y a pas de petite économies, les petits ruisseaux font les grandes rivières	take care of the pence and the pounds will take care of themselves	ARGENT, BANQUE	REGISTRES DE LANGUE	penny
ang_modern_00484	ça vous coûtera cher	that will cost you a pretty penny	ARGENT, BANQUE	REGISTRES DE LANGUE	penny
ang_modern_00485	avare, pingre	penny-pincher	ARGENT, BANQUE	REGISTRES DE LANGUE	penny
ang_modern_00486	uriner	to spend a penny	ARGENT, BANQUE	REGISTRES DE LANGUE	penny
ang_modern_00487	l'autre aspect de la question, le revers de la médaille	the other side of the coin	ARGENT, BANQUE	REGISTRES DE LANGUE	divers
ang_modern_00488	créer un mot, une expression	to coin a word/an expression	ARGENT, BANQUE	REGISTRES DE LANGUE	divers
ang_modern_00489	tirer à pile ou face	to flip a coin	ARGENT, BANQUE	REGISTRES DE LANGUE	divers
ang_modern_00490	pile ou face (heads : face)	heads or tails	ARGENT, BANQUE	REGISTRES DE LANGUE	divers
ang_modern_00491	gagner le tirage au sort (matches de football, etc.)	to win the toss	ARGENT, BANQUE	REGISTRES DE LANGUE	divers
ang_modern_00492	flambant neuf, à l'état neuf	in mint condition	ARGENT, BANQUE	REGISTRES DE LANGUE	divers
ang_modern_00493	avoir valeur libératoire, devoir être accepté comme moyen de paiement	to be legal tender	ARGENT, BANQUE	REGISTRES DE LANGUE	divers
ang_modern_00494	régler la note	to foot the bill	ARGENT, BANQUE	REGISTRES DE LANGUE	divers
ang_modern_00495	ruée sur une banque (pour retirer ses fonds, se faire rembourser, etc.)	run on a bank	ARGENT, BANQUE	REGISTRES DE LANGUE	divers
ang_modern_00496	des haillons à la richesse (expression qui symbolise la réussite du rêve américain, avec ses succes stories permettant aux pauvres immigrants de faire fortune en une génération)		ARGENT, BANQUE	REGISTRES DE LANGUE	divers
ang_modern_00497	tout ce qui brille n'est pas or	all that glitters is not gold	ARGENT, BANQUE	REGISTRES DE LANGUE	divers
ang_modern_00498	Banque centrale américaine	the Fed, the Federal Reserve System	ARGENT, BANQUE	REGISTRES DE LANGUE	divers
ang_modern_00499	la banque d'Angleterre	the Old Lady of Threadneedle Street	ARGENT, BANQUE	REGISTRES DE LANGUE	divers
ang_modern_00500	Attention à la prononciation de dollar, accentué sur la première syllabe		ARGENT, BANQUE	REMARQUES	divers
ang_modern_00501	Attention à la place des symboles du dollar et de la livre, qui se placent avant les chiffres	$2,000 two thousand dollars</br>£250 two hundred and fifty pounds	ARGENT, BANQUE	REMARQUES	divers
ang_modern_00502	Subdivisions de la livre	1 pound</br>50 pence</br>20 pence</br>10 pence</br>1 penny</br>a half-penny	ARGENT, BANQUE	REMARQUES	divers
ang_modern_00503	Subdivisions du dollar	1 dollar</br>50 cents</br>25 cents</br>10 cents</br>5 cents</br>a cents	ARGENT, BANQUE	REMARQUES	divers
ang_modern_00504	Attention aux chiffres. Dans two thousand cars, five hundred people... thousand et hundred sont invariables parce qu'ils sont considérés comme des adjectifs.	two thousand cars MAIS thousands of cars</br>five hundred dollars MAIS hundreds of dollars	ARGENT, BANQUE	REMARQUES	divers
ang_modern_00505	Notez que loan signifie à la fois prêt et emprunt	to apply for a loan : demander un emprunt</br>the bank made us a loan : la banque nous a accordé un prêt	ARGENT, BANQUE	REMARQUES	divers
ang_modern_00506	Notez que debt signifie à la fois créance et dette		ARGENT, BANQUE	REMARQUES	divers
ang_modern_00507	Notez que debtor signifie débiteur et indebtedness signifie endettement		ARGENT, BANQUE	REMARQUES	divers
ang_modern_00508	amortir une dette	to redeem a debt	ARGENT, BANQUE	REMARQUES	divers
ang_modern_00509	amortir des frais d'établissement	to amortize	ARGENT, BANQUE	REMARQUES	divers
ang_modern_00510	amortir du matériel	to write off	ARGENT, BANQUE	REMARQUES	divers
ang_modern_00511	Attention à to depreciate, depreciation, qui désigne tantôt la perte de valeur, tantôt le processus comptable (amortissement) destiné à compenser cette perte de valeur		ARGENT, BANQUE	REMARQUES	divers
ang_modern_00512	Attention à la traduction de richesse : wealth ou, si c'est dans ce qu'elle a de plus abondant, et parfois provoquant et artificiel, riches.		ARGENT, BANQUE	REMARQUES	divers
ang_modern_00513	Attention à la traduction de dépenses : expenses. Mais aussi spending (sommes dépensées, niveau de dépenses) ou expenditure(s) : dépense(s) budgetée(s) ou affectée(s) à un poste		ARGENT, BANQUE	REMARQUES	divers
ang_modern_00514	Attention au sens de cash : argent liquide ou paiement comptant (y compris par chèque ou par carte de crédit) selon le contexte.	En principe, to pay cash : payer comptant se distingue de to pay in cash : payer en liquide	ARGENT, BANQUE	REMARQUES	divers
ang_modern_00515	Notez la multiplicité des expressions signifiant faire faillite.	Du plus formel au plus familier : to go bankrupt, to file a petition in bankruptcy, to file for bankruptcy, to fail, to go under, to go broke, to go bust	ARGENT, BANQUE	REMARQUES	divers
ang_modern_00516	abondance	affluence, plenty	ÉCONOMIE	VOCABULAIRE	NULL
ang_modern_00517	accord	agreement	ÉCONOMIE	VOCABULAIRE	NULL
ang_modern_00518	signer un accord	to sign an agreement	ÉCONOMIE	VOCABULAIRE	NULL
ang_modern_00519	actif(s)	asset(s)	ÉCONOMIE	VOCABULAIRE	NULL
ang_modern_00520	action(bourse)	share, (US) stock	ÉCONOMIE	VOCABULAIRE	NULL
ang_modern_00521	actionnaire	shareholder, (US) stockholder	ÉCONOMIE	VOCABULAIRE	NULL
ang_modern_00522	affaire	business; (entreprise) business firm; (bonne) bargain	ÉCONOMIE	VOCABULAIRE	NULL
ang_modern_00523	baisse	fall, drop, decrease	ÉCONOMIE	VOCABULAIRE	NULL
ang_modern_00524	balance commerciale	trade balance, balance of trade	ÉCONOMIE	VOCABULAIRE	NULL
ang_modern_00525	balance des paiements	balance of payments	ÉCONOMIE	VOCABULAIRE	NULL
ang_modern_00526	barrière douanière	tariff-wall, tariff-barrier	ÉCONOMIE	VOCABULAIRE	NULL
ang_modern_00527	bénéfice	profit	ÉCONOMIE	VOCABULAIRE	NULL
ang_modern_00528	bénéfices des sociétés	corporate profits	ÉCONOMIE	VOCABULAIRE	NULL
ang_modern_00529	biens de consommation	cousumer goods	ÉCONOMIE	VOCABULAIRE	NULL
ang_modern_00530	biens d'équipement	capital goods	ÉCONOMIE	VOCABULAIRE	NULL
ang_modern_00531	bilan	balance-sheet	ÉCONOMIE	VOCABULAIRE	NULL
ang_modern_00532	blocage des prix	price-freeze	ÉCONOMIE	VOCABULAIRE	NULL
ang_modern_00533	blocage des salaires	wage-freeze	ÉCONOMIE	VOCABULAIRE	NULL
ang_modern_00534	bourse	stock-exchange	ÉCONOMIE	VOCABULAIRE	NULL
ang_modern_00535	caisse d'épargne	savings bank	ÉCONOMIE	VOCABULAIRE	NULL
ang_modern_00536	chômage	unemployment	ÉCONOMIE	VOCABULAIRE	NULL
ang_modern_00537	chômeur	unemployed person/worker	ÉCONOMIE	VOCABULAIRE	NULL
ang_modern_00538	chômeurs (les)	the unemployed	ÉCONOMIE	VOCABULAIRE	NULL
ang_modern_00539	commerce extérieur	foreign trade	ÉCONOMIE	VOCABULAIRE	NULL
ang_modern_00540	compétition	competition	ÉCONOMIE	VOCABULAIRE	NULL
ang_modern_00541	compétiteur	competitor	ÉCONOMIE	VOCABULAIRE	NULL
ang_modern_00542	comptabilité	accounting	ÉCONOMIE	VOCABULAIRE	NULL
ang_modern_00543	concurrence	competition	ÉCONOMIE	VOCABULAIRE	NULL
ang_modern_00544	concurrent	competitor	ÉCONOMIE	VOCABULAIRE	NULL
ang_modern_00545	conjoncture	the economy, the present economic situation, current trends	ÉCONOMIE	VOCABULAIRE	NULL
ang_modern_00546	confiance	confidence	ÉCONOMIE	VOCABULAIRE	NULL
ang_modern_00547	consommateur	consumer	ÉCONOMIE	VOCABULAIRE	NULL
ang_modern_00548	consommation	consumption	ÉCONOMIE	VOCABULAIRE	NULL
ang_modern_00549	consommer	to consume	ÉCONOMIE	VOCABULAIRE	NULL
ang_modern_00550	courbe (graphique)	curve, graph	ÉCONOMIE	VOCABULAIRE	NULL
ang_modern_00551	création d'entreprise	business formation	ÉCONOMIE	VOCABULAIRE	NULL
ang_modern_00552	crédit	credit	ÉCONOMIE	VOCABULAIRE	NULL
ang_modern_00553	crédit (resserrement du, encadrement du)	credit squeeze	ÉCONOMIE	VOCABULAIRE	NULL
ang_modern_00554	crise	crisis, slump	ÉCONOMIE	VOCABULAIRE	NULL
ang_modern_00555	croissance	growth	ÉCONOMIE	VOCABULAIRE	NULL
ang_modern_00556	déficit	deficit	ÉCONOMIE	VOCABULAIRE	NULL
ang_modern_00557	déflation	deflation	ÉCONOMIE	VOCABULAIRE	NULL
ang_modern_00558	déflationniste	deflationary	ÉCONOMIE	VOCABULAIRE	NULL
ang_modern_00559	demande	demand	ÉCONOMIE	VOCABULAIRE	NULL
ang_modern_00560	dépense(s)	spending, expenditure(s)	ÉCONOMIE	VOCABULAIRE	NULL
ang_modern_00561			ÉCONOMIE	VOCABULAIRE	NULL
